Lib_ID,First_Name,Last_Name
1,Alice,Smith
2,Bob,Johnson
3,Carol,Williams
4,David,Brown
5,Eve,Jones
6,Frank,Garcia
7,Grace,Miller
8,Henry,Davis
9,Ivy,Rodriguez
10,Jack,Martinez
11,Kathy,Hernandez
12,Leo,Lopez
13,Mona,Gonzalez
14,Nate,Wilson
15,Olivia,Anderson
16,Paul,Thomas
17,Quinn,Taylor
18,Rita,Moore
19,Sam,Jackson
20,Tina,Martin
21,Uma,Lee
22,Victor,Perez
23,Wendy,Thompson
24,Xander,White
25,Yara,Harris
26,Zane,Sanchez
27,Alice,Smith
28,Bob,Johnson
29,Carol,Williams
30,David,Brown
31,Eve,Jones
32,Frank,Garcia
33,Grace,Miller
34,Henry,Davis
35,Ivy,Rodriguez
36,Jack,Martinez
37,Kathy,Hernandez
38,Leo,Lopez
39,Mona,Gonzalez
40,Nate,Wilson
41,Olivia,Anderson
42,Paul,Thomas
43,Quinn,Taylor
44,Rita,Moore
45,Sam,Jackson
46,Tina,Martin
47,Uma,Lee
48,Victor,Perez
49,Wendy,Thompson
50,Xander,White
51,Yara,Harris
52,Zane,Sanchez
53,Alice,Smith
54,Bob,Johnson
55,Carol,Williams
56,David,Brown
57,Eve,Jones
58,Frank,Garcia
59,Grace,Miller
60,Henry,Davis
61,Ivy,Rodriguez
62,Jack,Martinez
63,Kathy,Hernandez
64,Leo,Lopez
65,Mona,Gonzalez
66,Nate,Wilson
67,Olivia,Anderson
68,Paul,Thomas
69,Quinn,Taylor
70,Rita,Moore
71,Sam,Jackson
72,Tina,Martin
73,Uma,Lee
74,Victor,Perez
75,Wendy,Thompson
76,Xander,White
77,Yara,Harris
78,Zane,Sanchez
79,Alice,Smith
80,Bob,Johnson
81,Carol,Williams
82,David,Brown
83,Eve,Jones
84,Frank,Garcia
85,Grace,Miller
86,Henry,Davis
87,Ivy,Rodriguez
88,Jack,Martinez
89,Kathy,Hernandez
90,Leo,Lopez
91,Mona,Gonzalez
92,Nate,Wilson
93,Olivia,Anderson
94,Paul,Thomas
95,Quinn,Taylor
96,Rita,Moore
97,Sam,Jackson
98,Tina,Martin
99,Uma,Lee
100,Victor,Perez
101,Wendy,Thompson
102,Xander,White
103,Yara,Harris
104,Zane,Sanchez
105,Alice,Smith
106,Bob,Johnson
107,Carol,Williams
108,David,Brown
109,Eve,Jones
110,Frank,Garcia
111,Grace,Miller
112,Henry,Davis
113,Ivy,Rodriguez
114,Jack,Martinez
115,Kathy,Hernandez
116,Leo,Lopez
117,Mona,Gonzalez
118,Nate,Wilson
119,Olivia,Anderson
120,Paul,Thomas
121,Quinn,Taylor
122,Rita,Moore
123,Sam,Jackson
124,Tina,Martin
125,Uma,Lee
126,Victor,Perez
127,Wendy,Thompson
128,Xander,White
129,Yara,Harris
130,Zane,Sanchez
131,Alice,Smith
132,Bob,Johnson
133,Carol,Williams
134,David,Brown
135,Eve,Jones
136,Frank,Garcia
137,Grace,Miller
138,Henry,Davis
139,Ivy,Rodriguez
140,Jack,Martinez
141,Kathy,Hernandez
142,Leo,Lopez
143,Mona,Gonzalez
144,Nate,Wilson
145,Olivia,Anderson
146,Paul,Thomas
147,Quinn,Taylor
148,Rita,Moore
149,Sam,Jackson
150,Tina,Martin
151,Uma,Lee
152,Victor,Perez
153,Wendy,Thompson
154,Xander,White
155,Yara,Harris
156,Zane,Sanchez
157,Alice,Smith
158,Bob,Johnson
159,Carol,Williams
160,David,Brown
161,Eve,Jones
162,Frank,Garcia
163,Grace,Miller
164,Henry,Davis
165,Ivy,Rodriguez
166,Jack,Martinez
167,Kathy,Hernandez
168,Leo,Lopez
169,Mona,Gonzalez
170,Nate,Wilson
171,Olivia,Anderson
172,Paul,Thomas
173,Quinn,Taylor
174,Rita,Moore
175,Sam,Jackson
176,Tina,Martin
177,Uma,Lee
178,Victor,Perez
179,Wendy,Thompson
180,Xander,White
181,Yara,Harris
182,Zane,Sanchez
183,Alice,Smith
184,Bob,Johnson
185,Carol,Williams
186,David,Brown
187,Eve,Jones
188,Frank,Garcia
189,Grace,Miller
190,Henry,Davis
191,Ivy,Rodriguez
192,Jack,Martinez
193,Kathy,Hernandez
194,Leo,Lopez
195,Mona,Gonzalez
196,Nate,Wilson
197,Olivia,Anderson
198,Paul,Thomas
199,Quinn,Taylor
200,Rita,Moore
